{
 "r01_military_navigation": [
  760,
  1400,
  0.5428571428571428
 ],
 "00_CO_ocean": [
  760,
  1200,
  0.6333333333333333
 ],
 "e08_PostApocalypse": [
  760,
  1400,
  0.5428571428571428
 ],
 "08_NE_passage": [
  760,
  1200,
  0.6333333333333333
 ],
 "19_OC_prey": [
  760,
  1400,
  0.5428571428571428
 ],
 "s07_Advance": [
  760,
  1000,
  0.76
 ],
 "s01_NavalBase": [
  760,
  1200,
  0.6333333333333333
 ],
 "44_Path_warrior": [
  760,
  1600,
  0.475
 ],
 "47_Sleeping_Giant": [
  760,
  1400,
  0.5428571428571428
 ],
 "18_NE_ice_islands": [
  760,
  1400,
  0.5428571428571428
 ],
 "e01_Jacuzzi": [
  760,
  1000,
  0.76
 ],
 "45_Zigzag": [
  760,
  1600,
  0.475
 ],
 "52_Britain": [
  760,
  1400,
  0.5428571428571428
 ],
 "55_Seychelles": [
  760,
  1600,
  0.475
 ],
 "s09_LePVE": [
  760,
  1400,
  0.5428571428571428
 ],
 "14_Atlantic": [
  760,
  1400,
  0.5428571428571428
 ],
 "50_Gold_harbor": [
  760,
  1400,
  0.5428571428571428
 ],
 "01_solomon_islands": [
  760,
  1000,
  0.76
 ],
 "16_OC_bees_to_honey": [
  760,
  1600,
  0.475
 ],
 "41_Conquest": [
  760,
  1400,
  0.5428571428571428
 ],
 "50_VanHellsing": [
  760,
  1200,
  0.6333333333333333
 ],
 "e02_Halloween_2017": [
  760,
  1400,
  0.5428571428571428
 ],
 "17_NA_fault_line": [
  760,
  1400,
  0.5428571428571428
 ],
 "s06_Atoll": [
  760,
  1600,
  0.475
 ],
 "40_Okinawa": [
  760,
  1400,
  0.5428571428571428
 ],
 "33_new_tierra": [
  760,
  800,
  0.95
 ],
 "54_Faroe": [
  760,
  1600,
  0.475
 ],
 "20_NE_two_brothers": [
  760,
  1400,
  0.5428571428571428
 ],
 "s10_USS_CL": [
  760,
  1600,
  0.475
 ],
 "e11_FreshGameplay_2021": [
  760,
  3000,
  0.25333333333333335
 ],
 "05_Ring": [
  760,
  1200,
  0.6333333333333333
 ],
 "10_NE_big_race": [
  760,
  1000,
  0.76
 ],
 "28_naval_mission": [
  760,
  1400,
  0.5428571428571428
 ],
 "38_Canada": [
  760,
  1600,
  0.475
 ],
 "53_Shoreside": [
  760,
  1400,
  0.5428571428571428
 ],
 "23_Shards": [
  760,
  1400,
  0.5428571428571428
 ],
 "35_NE_north_winter": [
  760,
  1600,
  0.475
 ],
 "13_OC_new_dawn": [
  760,
  1200,
  0.6333333333333333
 ],
 "22_tierra_del_fuego": [
  760,
  1600,
  0.475
 ],
 "25_sea_hope": [
  760,
  1600,
  0.475
 ],
 "42_Neighbors": [
  760,
  1400,
  0.5428571428571428
 ],
 "51_Greece": [
  760,
  1400,
  0.5428571428571428
 ],
 "s02_Naval_Defense": [
  760,
  1400,
  0.5428571428571428
 ],
 "34_OC_islands": [
  760,
  800,
  0.95
 ],
 "37_Ridge": [
  760,
  1600,
  0.475
 ],
 "04_Archipelago": [
  760,
  1000,
  0.76
 ],
 "15_NE_north": [
  760,
  1600,
  0.475
 ],
 "s03_Labyrinth": [
  760,
  1400,
  0.5428571428571428
 ],
 "46_Estuary": [
  760,
  1400,
  0.5428571428571428
 ]
}