{
    "00_CO_ocean": [
        760,
        1200,
        0.6333333333333333
    ],
    "14_Atlantic": [
        760,
        1400,
        0.5428571428571428
    ]
}